{
"EUVuserconfigVersions":{
	"EUVuserconfigVersions":"1v1",
	"EUVSpecialPageRadioButton":"1v1",
	"EUVspare":"1v1"
	},
"EUVSpecialPageRadioButton":{
	"EUVphpbinchk":"Activated",
	"EUVDispayLoggingfiles":"Disabled",
	"EUVDispayTestTag":"Disabled",
	"EUVImportImages":"Disabled",
	"EUVCreateDefaultPages":"Disabled",
	"EUVSetArrayGlobals":"Disabled",
	"EUVFuncinfo":"Disabled",
	"EUVlantronix":"Disabled"
	},
"EUVspare":{
	"EUVSetArrayGlobals":"Disabled",
	"EUVFuncinfo":"Disabled",
	"EUVlantronix":"Disabled"
	}
}