{"EUVuserconfigVersions":{"id":"1","AUTHOR":"Admin","MODDATE":"2016-11-13","EUVuserconfigVersions":"1v1","EUVSpecialPageRadioButton":"1v1","EUVspare":"1v1"},"EUVSpecialPageRadioButton":{"id":"1","AUTHOR":"Admin","MODDATE":"2016-11-13","EUVphpbinchk":"Disabled","EUVDispayLoggingfiles":"Activated","EUVDispayTestTag":"Disabled","EUVImportImages":"Disabled","EUVCreateDefaultPages":"Disabled","EUVSetArrayGlobals":"Disabled","EUVFuncinfo":"Disabled","EUVlantronix":"Disabled"},"EUVspare":{"id":"1","AUTHOR":"Admin","MODDATE":"2016-11-13","EUVSetArrayGlobals":"Disabled","EUVFuncinfo":"Disabled","EUVlantronix":"Disabled"}}