{
"EUVuserconfigVersions":{
	"EUVuserconfigVersions":"1v1",
	"EUVSpecialPageRadioButton":"1v2",
	"EUVinternalparameters":"1v1",
	"EUVspare":"1v1"
	},
"EUVSpecialPageRadioButton":{
	"EUVphpbinchk":"Activated",
	"EUVDispayLoggingfiles":"Disabled",
	"EUVDispayTestTag":"Disabled",
	"EUVImportImages":"Disabled",
	"EUVCreateDefaultPages":"Disabled",
	"EUVSetArrayGlobals":"Disabled",
	"EUVFuncinfo":"Disabled",
	"EUVlantronix":"Disabled",
	"EUVTestPftp":"Disabled",
	"EUVTestMail":"Disabled",
	"EUVDiFileIcons":"Disabled",
	"EUVDiGloEuvUserconfigjson":"Disabled"
	},
"EUVinternalparameters":{
	"EUVPresentUserconfigjsonmd5":"dummymd5"
	},
"EUVspare":{
	"EUVSetArrayGlobals":"Disabled",
	"EUVFuncinfo":"Disabled",
	"EUVlantronix":"Disabled"
	}
}